alias,ndcg,map,mrr,p10
medcpt,0.8295862325584102,0.6208630126550887,0.8802083333333333,0.709375
multi-qa,0.8241726990345232,0.643476221192864,0.8697916666666666,0.771875
msmarco,0.7459167453453468,0.5403064003918803,0.8567708333333333,0.746875
