{
  "BM25 (tuned)": {
    "MAP": 0.5762679703110805,
    "MRR": 0.7875,
    "P@10": 0.6875,
    "R@100": 0.8380945385238108,
    "NDCG@10": 0.7036606263570739
  },
  "LM-Dir (mu=75)": {
    "MAP": 0.545261255457441,
    "MRR": 0.7760416666666666,
    "P@10": 0.690625,
    "R@100": 0.8040259314388389,
    "NDCG@10": 0.6951332273637175
  },
  "KNN (MedCPT)": {
    "MAP": 0.6130102556179889,
    "MRR": 0.8567708333333334,
    "P@10": 0.725,
    "R@100": 0.8759745917261815,
    "NDCG@10": 0.7538173823950561
  },
  "RRF (tuned)": {
    "MAP": 0.6528940497209172,
    "MRR": 0.859375,
    "P@10": 0.7281249999999999,
    "R@100": 0.9091291358579301,
    "NDCG@10": 0.7588421877995772
  }
}