{
  "BM25 (default)": {
    "MAP": 0.5684914063096095,
    "MRR": 0.8308080808080808,
    "P@10": 0.6303030303030304,
    "R@100": 0.8606320577358229,
    "NDCG@10": 0.6775778017366181
  },
  "LM-JM (lam=0.7)": {
    "MAP": 0.5447514602321347,
    "MRR": 0.8409090909090909,
    "P@10": 0.6181818181818183,
    "R@100": 0.8365423632173826,
    "NDCG@10": 0.6669756693207473
  },
  "LM-Dir (mu=2000)": {
    "MAP": 0.5141683280831946,
    "MRR": 0.7720057720057719,
    "P@10": 0.5969696969696969,
    "R@100": 0.8057435212966121,
    "NDCG@10": 0.6398341581653451
  },
  "KNN (msmarco)": {
    "MAP": 0.45203860323502837,
    "MRR": 0.7747605929424112,
    "P@10": 0.6090909090909091,
    "R@100": 0.7153962210223733,
    "NDCG@10": 0.6397990551452629
  },
  "RRF (default)": {
    "MAP": 0.5663078993868182,
    "MRR": 0.803030303030303,
    "P@10": 0.6363636363636365,
    "R@100": 0.8589865878850775,
    "NDCG@10": 0.6758311780346999
  },
  "BM25 (tuned)": {
    "MAP": 0.56821638879266,
    "MRR": 0.851010101010101,
    "P@10": 0.6363636363636364,
    "R@100": 0.8631820275701383,
    "NDCG@10": 0.6834516860227001
  },
  "LM-Dir (mu=75)": {
    "MAP": 0.5418619739690225,
    "MRR": 0.8181818181818182,
    "P@10": 0.6363636363636365,
    "R@100": 0.8259912146992605,
    "NDCG@10": 0.6776697818734579
  },
  "KNN (MedCPT)": {
    "MAP": 0.5905487607375199,
    "MRR": 0.8232323232323232,
    "P@10": 0.6757575757575758,
    "R@100": 0.8564793845026766,
    "NDCG@10": 0.701649546382386
  },
  "RRF (tuned)": {
    "MAP": 0.6282182354797444,
    "MRR": 0.8308080808080808,
    "P@10": 0.693939393939394,
    "R@100": 0.915058074183465,
    "NDCG@10": 0.7313613064308783
  }
}