{
  "BM25 (default)": {
    "MAP": 0.5695183802204054,
    "MRR": 0.7863636363636364,
    "P@10": 0.6333333333333334,
    "R@100": 0.8511325116154855,
    "NDCG@100": 0.7788138771498665
  },
  "LM-JM (lam=0.7)": {
    "MAP": 0.5426578772982931,
    "MRR": 0.7838383838383839,
    "P@10": 0.6333333333333333,
    "R@100": 0.832736310715013,
    "NDCG@100": 0.760945392855149
  },
  "LM-Dir (mu=2000)": {
    "MAP": 0.5151593059903908,
    "MRR": 0.774025974025974,
    "P@10": 0.6303030303030304,
    "R@100": 0.8019381475134846,
    "NDCG@100": 0.7374666892149105
  },
  "KNN (msmarco)": {
    "MAP": 0.5560750949048235,
    "MRR": 0.8383838383838383,
    "P@10": 0.6878787878787878,
    "R@100": 0.8136711256215029,
    "NDCG@100": 0.7589231609436369
  },
  "RRF (default)": {
    "MAP": 0.6104857187776486,
    "MRR": 0.8156565656565656,
    "P@10": 0.6666666666666665,
    "R@100": 0.8934481207721139,
    "NDCG@100": 0.8135020767800187
  },
  "BM25 (tuned)": {
    "MAP": 0.5680040702430739,
    "MRR": 0.7282828282828282,
    "P@10": 0.6363636363636365,
    "R@100": 0.8601856019094235,
    "NDCG@100": 0.7778987510903794
  },
  "LM-Dir (mu=75)": {
    "MAP": 0.5436230727504185,
    "MRR": 0.7737373737373737,
    "P@10": 0.6212121212121213,
    "R@100": 0.8265263388087983,
    "NDCG@100": 0.7578235834869151
  },
  "KNN (MedCPT)": {
    "MAP": 0.6143123218261342,
    "MRR": 0.7999999999999999,
    "P@10": 0.6787878787878788,
    "R@100": 0.89326503302237,
    "NDCG@100": 0.8095335610789232
  },
  "RRF (tuned)": {
    "MAP": 0.6261871170944964,
    "MRR": 0.8368686868686869,
    "P@10": 0.6454545454545455,
    "R@100": 0.9143150691213401,
    "NDCG@100": 0.825903054640855
  }
}